{
  "mode": "xy_core",
  "workload": "real",
  "timestamp": "2025-12-08T11:59:30.300126",
  "results": {
    "exp3": [
      29.472248792648315
    ],
    "exp3_metrics": {
      "n": 1,
      "avg_ms": 29472.248792648315,
      "p50_ms": 29472.248792648315,
      "p95_ms": 29472.248792648315,
      "p99_ms": 29472.248792648315,
      "min_ms": 29472.248792648315,
      "max_ms": 29472.248792648315
    }
  }
}