{
  "mode": "naive_async",
  "workload": "mock",
  "timestamp": "2025-12-08T10:02:27.105698",
  "results": {
    "exp1": [
      {
        "concurrency": 1,
        "rps": 0.9819131779163739,
        "total_time": 1.0184199810028076,
        "metrics": {
          "n": 1,
          "avg_ms": 1018.4199810028076,
          "p50_ms": 1018.4199810028076,
          "p95_ms": 1018.4199810028076,
          "p99_ms": 1018.4199810028076,
          "min_ms": 1018.4199810028076,
          "max_ms": 1018.4199810028076
        }
      },
      {
        "concurrency": 5,
        "rps": 1.4412826417064044,
        "total_time": 3.4691321849823,
        "metrics": {
          "n": 5,
          "avg_ms": 2267.4830436706543,
          "p50_ms": 2468.437433242798,
          "p95_ms": 3277.4160385131836,
          "p99_ms": 3349.414596557617,
          "min_ms": 1366.884708404541,
          "max_ms": 3067.420244216919
        }
      },
      {
        "concurrency": 10,
        "rps": 1.4873716968929234,
        "total_time": 6.723268985748291,
        "metrics": {
          "n": 10,
          "avg_ms": 4018.197226524353,
          "p50_ms": 3816.8267011642456,
          "p95_ms": 5967.155945301056,
          "p99_ms": 6012.204840183258,
          "min_ms": 2117.779493331909,
          "max_ms": 5921.083211898804
        }
      }
    ],
    "exp2": {
      "max_lag": 12.182855606079096,
      "avg_lag": 6.624305248260493,
      "metrics": {
        "n": 4,
        "avg_ms": 6.624305248260493,
        "p50_ms": 5.164289474487299,
        "p95_ms": 17.20538139343261,
        "p99_ms": 18.54472160339355,
        "min_ms": 3.985786437988276,
        "max_ms": 12.182855606079096
      }
    },
    "exp3": [
      1.0177867412567139,
      1.0144553184509277,
      1.0170471668243408,
      1.017035961151123,
      1.0151336193084717
    ],
    "exp3_metrics": {
      "n": 5,
      "avg_ms": 1016.2917613983153,
      "p50_ms": 1017.035961151123,
      "p95_ms": 1018.3044433593751,
      "p99_ms": 1018.4819412231445,
      "min_ms": 1014.4553184509277,
      "max_ms": 1017.7867412567139
    },
    "exp4": {
      "duration": 60,
      "completed": 84,
      "errors": 0,
      "metrics": {
        "n": 84,
        "avg_ms": 1572.8664256277539,
        "p50_ms": 1572.407603263855,
        "p95_ms": 1982.8938841819763,
        "p99_ms": 1989.5633816719055,
        "min_ms": 1153.3946990966797,
        "max_ms": 1988.8906478881836
      }
    }
  }
}