{
  "mode": "xy_core",
  "workload": "mock",
  "timestamp": "2025-12-08T10:03:44.990349",
  "results": {
    "exp1": [
      {
        "concurrency": 1,
        "rps": 1.157311490409276,
        "total_time": 0.8640716075897217,
        "metrics": {
          "n": 1,
          "avg_ms": 864.0716075897217,
          "p50_ms": 864.0716075897217,
          "p95_ms": 864.0716075897217,
          "p99_ms": 864.0716075897217,
          "min_ms": 864.0716075897217,
          "max_ms": 864.0716075897217
        }
      },
      {
        "concurrency": 5,
        "rps": 2.562965619031103,
        "total_time": 1.9508650302886963,
        "metrics": {
          "n": 5,
          "avg_ms": 1677.7750492095947,
          "p50_ms": 1739.0682697296143,
          "p95_ms": 2003.5942077636716,
          "p99_ms": 2021.6727828979492,
          "min_ms": 1313.117504119873,
          "max_ms": 1950.8650302886963
        }
      },
      {
        "concurrency": 10,
        "rps": 2.751881776075126,
        "total_time": 3.6338770389556885,
        "metrics": {
          "n": 10,
          "avg_ms": 2664.534592628479,
          "p50_ms": 2694.0842866897583,
          "p95_ms": 3770.884382724762,
          "p99_ms": 3904.8471188545227,
          "min_ms": 1358.8411808013916,
          "max_ms": 3633.8770389556885
        }
      }
    ],
    "exp2": {
      "max_lag": 23.033523559570305,
      "avg_lag": 17.282197588966,
      "metrics": {
        "n": 21,
        "avg_ms": 17.282197588966,
        "p50_ms": 21.566772460937493,
        "p95_ms": 23.000264167785637,
        "p99_ms": 23.292946815490723,
        "min_ms": -8.411502838134771,
        "max_ms": 23.033523559570305
      }
    },
    "exp3": [
      0.865725040435791,
      0.8699221611022949,
      0.8564491271972656,
      0.8855273723602295,
      0.8557817935943604
    ],
    "exp3_metrics": {
      "n": 5,
      "avg_ms": 866.6810989379883,
      "p50_ms": 865.725040435791,
      "p95_ms": 896.4510202407837,
      "p99_ms": 900.196270942688,
      "min_ms": 855.7817935943604,
      "max_ms": 885.5273723602295
    },
    "exp4": {
      "duration": 60,
      "completed": 132,
      "errors": 0,
      "metrics": {
        "n": 132,
        "avg_ms": 1254.4828978451817,
        "p50_ms": 1260.5540752410889,
        "p95_ms": 1368.4418439865112,
        "p99_ms": 1407.2235989570618,
        "min_ms": 1047.191858291626,
        "max_ms": 1411.6272926330566
      }
    }
  }
}